<?xml version="1.0" encoding="UTF-8"?>
<feature
      id="no.ntnu.tdt4250.feature.textual"
      label="Textual"
      version="1.0.0.qualifier">

   <description url="http://www.example.com/description">
      [Enter Feature Description here.]
   </description>

   <copyright url="http://www.example.com/copyright">
      [Enter Copyright Description here.]
   </copyright>

   <license url="http://www.example.com/license">
      [Enter License Description here.]
   </license>

   <requires>
      <import feature="no.ntnu.tdt420.feature.core" version="1.0.0.qualifier"/>
      <import feature="no.ntnu.tdt4250.feature.gen" version="1.0.0.qualifier"/>
   </requires>

   <plugin
         id="no.ntnu.tdt4250.csdsl.ui.tests"
         version="0.0.0"/>

   <plugin
         id="no.ntnu.tdt4250.csdsl.ide"
         version="0.0.0"/>

   <plugin
         id="no.ntnu.tdt4250.csdsl.tests"
         version="0.0.0"/>

   <plugin
         id="no.ntnu.tdt4250.csdsl"
         version="0.0.0"/>

   <plugin
         id="no.ntnu.tdt4250.csdsl.ui"
         version="0.0.0"/>

</feature>
